Family,Scientific Name,North,South,Pool,Shallowest,Deepest,Max.size,NW.gulf,NE.gulf,SW.gulf,SE.gulf,Range limit annual temp,Range limit min chloro,Range limit max chloro,Lat range,Islands occupied,Extralimital probabality
Semelidae,Abra palmeri,26.8,-3.7,Species Pool,0,165,10,31.00,31.30,25.90,20.42,19.55,0.35,16.19,35.00,0,0.042172227
Arcidae,Acar gradata,27.8,8.3,Species Pool,0,37,41,26.12,31.33,22.88,20.42,17.78,0.05,8.97,23.03,6,0.293677185
Tellinidae,Acorylus rickettsi,22.375,7.6,Species Pool,9,60,12,25.80,27.90,22.10,20.42,23.95,0.21,8.64,20.30,0,0.014592081
Cardiidae,Acrosterigma pristipleura,22.375,-1.8,Species Pool,0,80,81,26.10,21.50,22.10,20.42,24.08,0.05,7.16,27.90,2,0.013829473
Nuculanidae,Adrana crenifera,22.375,-3.8,Species Pool,8,20,36,NA,23.30,NA,20.42,24.18,0.33,7.16,27.10,0,0.014556775
Nuculanidae,Adrana metcalfei,22.375,-0.4,Species Pool,7,60,24,30.30,27.90,22.10,20.42,22.61,0.24,7.16,30.70,0,0.014556775
Mytilidae,Adula soleniformis,22.375,-5.1,Species Pool,0,110,40,NA,23.20,NA,20.42,19.67,0.33,7.16,28.30,0,0.014808696
Veneridae,Agriopoma catharium,23.5,-12,Species Pool,13,80,67,29.50,27.93,23.12,20.42,18.02,0.21,14.76,41.50,1,0.106229921
Tellinidae,Ameritella amianta,22.375,-2.2,Species Pool,0,77,15,NA,31.70,NA,20.42,23.00,0.33,7.16,33.90,0,0.014556775
Tellinidae,Ameritella coani,22.375,8,Species Pool,0,30,10,28.90,31.40,22.10,20.42,21.84,0.32,9.31,23.40,2,0.014044807
Tellinidae,Ameritella felix,24.6,-3.7,Species Pool,0,25,17,26.70,27.90,22.10,20.42,21.56,0.44,7.96,31.60,0,0.038053792
Mytilidae,Amygdalum americanum,22.375,-5.1,Species Pool,4,45,32,25.80,27.93,22.10,20.42,19.67,0.21,7.16,33.03,0,0.014794927
Arcidae,Anadara adamsi,22.375,-2.2,Species Pool,8,54,30,28.97,22.68,22.10,20.42,21.84,0.33,8.38,31.17,0,0.014592081
Arcidae,Anadara aequatorialis,22.375,-3.7,Species Pool,0,73,48,30.30,23.23,22.10,20.42,23.04,0.33,7.16,34.00,0,0.014556775
Arcidae,Anadara biangulata,22.375,-3.7,Species Pool,10,70,68,27.00,27.90,22.10,20.42,23.95,0.33,7.16,31.60,0,0.014556775
Arcidae,Anadara cepoides,22.375,1,Species Pool,10,84,90,29.80,27.95,22.10,20.42,22.84,0.33,7.16,28.80,0,0.014556775
Arcidae,Anadara concinna,22.375,-1.1,Species Pool,6,150,54,31.00,29.90,22.10,20.42,22.79,0.26,7.16,32.10,0,0.014556775
Arcidae,Anadara emarginata,24.1,-5.9,Species Pool,0,80,51,28.40,28.80,22.10,20.42,19.41,0.35,8.29,34.70,0,0.016161845
Arcidae,Anadara formosa,28.3,-5.1,Species Pool,10,100,121,28.97,27.95,25.75,20.42,18.35,0.42,8.38,34.07,1,0.418450925
Arcidae,Anadara mazatlanica,22.375,-4.1,Species Pool,7,220,87,27.05,27.95,22.10,20.42,23.38,0.33,8.40,32.05,0,0.014592081
Arcidae,Anadara nux,22.375,-5.2,Species Pool,4,73,24,27.05,23.20,22.10,20.42,19.30,0.33,8.40,32.25,0,0.015068749
Arcidae,Anadara obesa,22.9,-4.7,Species Pool,10,112,43,23.88,28.78,22.88,20.42,20.04,0.28,7.03,33.48,0,0.014922823
Arcidae,Anadara perlabiata,27.8,-4.7,Extralimital,0,82,50,28.40,27.93,22.10,20.42,17.78,0.44,8.97,33.10,1,0.479652997
Arcidae,Anadara reinharti,22.375,-3.5,Species Pool,2,91,68,28.97,31.33,26.62,20.42,21.84,0.33,8.38,34.83,0,0.014592081
Arcidae,Anadara similis,22.375,-3.6,Species Pool,0,0,66,NA,24.25,NA,20.42,24.51,0.33,8.47,27.85,0,0.014592081
Arcidae,Anadara tuberculosa,26.8,-5.1,Species Pool,0,20,97,28.97,28.80,24.17,20.42,19.55,0.46,16.19,34.07,0,0.060183486
Mactridae,Anatina cyprinus,22.375,-2.2,Species Pool,15,100,57,29.97,27.93,22.10,20.42,22.95,0.33,7.16,32.17,0,0.014556775
Lucinidae,Anodontia edentuloides,25.9,12.6,Species Pool,9,165,52,31.00,31.30,30.00,20.42,21.60,0.35,4.83,18.70,1,0.028195397
Cardiidae,Apiocardia obovalis,24.6,10.7,Species Pool,0,100,25,23.00,23.22,22.10,20.42,21.56,0.19,7.03,13.90,1,0.015095917
Arcidae,Arca mutabilis,27.8,-5.1,Species Pool,0,60,44,30.33,31.40,29.80,20.42,17.78,0.05,8.97,36.50,6,0.293677185
Arcidae,Arca pacifica,27.8,-5.1,Species Pool,0,137,128,31.03,31.40,22.88,20.42,17.78,0.41,8.97,36.50,3,0.695846443
Chamidae,Arcinella californica,28.3,-3.6,Species Pool,10,77,74,29.53,31.30,28.53,20.42,18.35,0.35,5.67,34.90,0,0.210942911
Thraciidae,Asthenothaerus villosior,28.3,9.4,Extralimital,0,73,10,31.33,31.40,22.87,20.42,18.35,0.28,4.83,22.00,0,0.154911334
Pinnidae,Atrina cumingii,22.375,-3.5,Species Pool,0,0,290,27.80,31.50,22.10,20.42,22.84,0.33,7.54,35.00,1,0.014940625
Pinnidae,Atrina maura,24.6,-6.9,Species Pool,0,4,175,31.50,31.40,30.50,20.42,18.46,0.41,7.52,38.40,0,0.157777496
Pinnidae,Atrina tuberculosa,27.8,7.1,Species Pool,0,0,290,31.13,27.93,25.78,20.42,17.78,0.32,8.97,24.03,2,0.090171862
Glycymerididae,Axinactis delessertii,24.6,-6.4,Species Pool,8,33,45,NA,NA,NA,NA,19.05,0.67,6.98,31.00,1,0.119000205
Glycymerididae,Axinactis inaequalis,22.375,-6.9,Species Pool,0,35,46,27.20,NA,22.10,NA,18.46,0.05,8.40,34.10,2,0.057188021
Arcidae,Barbatia lurida,22.375,-3.7,Species Pool,0,30,51,29.77,31.40,25.57,20.42,22.84,0.33,7.16,35.10,1,0.014889737
Arcidae,Barbatia reeveana,28.3,-5.1,Extralimital,0,110,95,29.80,31.33,23.03,20.42,18.35,0.05,6.92,36.43,7,1
Basterotiidae,Basterotia californica,28.3,19.2,Species Pool,0,100,13,29.80,31.40,23.37,27.95,18.35,0.41,4.83,12.20,0,0.389483037
Basterotiidae,Basterotia panamica,27.2,-2.2,Species Pool,0,119,11,29.80,31.40,22.88,30.35,18.67,0.41,16.66,33.60,1,0.522379142
Basterotiidae,Basterotina rectangularis,28.3,-1.6,Species Pool,9,119,11,30.33,27.97,23.37,26.97,18.35,0.26,7.07,31.93,1,0.125697768
Mytilidae,Botula cylista,22.375,-3.9,Species Pool,0,10,28,NA,23.20,NA,20.42,23.82,0.33,7.16,27.10,0,0.014556775
Mytilidae,Brachidontes semilaevis,28.3,-5.1,Species Pool,0,40,13,31.03,31.30,28.97,20.42,18.35,0.35,6.92,36.40,2,0.419600787
Arcidae,Calloarca alternata,22.375,-0.9,Species Pool,10,100,41,NA,31.40,NA,20.42,22.15,0.28,7.16,32.30,1,0.014889737
Cuspidariidae,Cardiomya costata,28.3,-2.2,Species Pool,4,84,11,29.83,31.40,28.83,20.62,18.35,0.41,4.83,33.60,2,0.443228159
Cuspidariidae,Cardiomya didyma,22.375,-2.5,Species Pool,6,180,10,31.20,31.30,28.53,20.42,23.24,0.33,7.16,33.80,0,0.014556775
Carditidae,Carditamera affinis,26.2,-5.1,Species Pool,0,90,100,31.02,31.30,22.88,20.42,19.67,0.35,6.92,36.40,1,0.072656031
Carditidae,Carditamera radiata,24.6,-4.7,Species Pool,0,24,56,NA,NA,NA,NA,20.04,0.67,6.98,29.30,0,0.091147278
Carditidae,Cardites crassicostatus,22.375,-3.6,Species Pool,0,55,68,29.80,31.40,24.17,20.42,22.84,0.33,7.16,35.00,1,0.014889737
Carditidae,Cardites grayi,22.375,7.7,Species Pool,0,23,47,23.88,23.23,22.10,20.42,25.67,0.22,7.16,16.18,2,0.013822306
Carditidae,Cardites laticostatus,24.6,-4.1,Species Pool,0,27,60,26.90,28.80,22.10,20.42,21.56,0.46,7.03,32.90,3,0.039917224
Corbulidae,Caryocorbula amethystina,22.375,-2.6,Species Pool,0,82,31,24.20,23.30,22.10,20.42,23.99,0.33,7.16,26.80,0,0.014556775
Corbulidae,Caryocorbula biradiata,27.8,-4.1,Species Pool,0,59,21,29.80,31.00,27.15,20.42,17.78,0.41,8.97,35.10,1,0.193391412
Corbulidae,Caryocorbula ira,22.375,-12,Species Pool,15,388,14,29.80,29.90,22.10,20.42,18.02,0.33,14.76,41.90,1,0.09950342
Corbulidae,Caryocorbula marmorata,24.6,-12.1,Species Pool,0,137,8,30.07,31.40,28.80,20.42,18.02,0.41,12.03,43.50,1,0.529707572
Corbulidae,Caryocorbula nasuta,27.9,-12.1,Species Pool,0,229,18,27.32,31.40,26.07,20.42,17.78,0.41,12.03,43.50,2,0.683557518
Corbulidae,Caryocorbula otra,22.375,-2.2,Species Pool,0,55,26,26.00,27.90,22.10,20.42,23.90,0.25,7.16,30.10,0,0.014556775
Lucinidae,Cavilinga lampra,22.375,6,Species Pool,0,70,25,31.00,31.50,22.10,20.42,23.25,0.05,7.16,25.50,1,0.014890402
Lucinidae,Cavilinga lingualis,28.3,-3.1,Species Pool,0,212,18,31.30,31.50,22.10,20.42,18.35,0.45,11.89,34.60,0,0.29189871
Chamidae,Chama buddiana,22.375,-0.9,Species Pool,0,90,125,31.13,31.40,26.02,20.42,22.15,0.28,7.16,32.30,1,0.014889737
Chamidae,Chama coralloides,24.6,-4.3,Species Pool,0,25,85,29.60,31.30,22.10,20.42,21.56,0.35,6.98,35.60,0,0.056982676
Chamidae,Chama echinata,28.3,-3.5,Extralimital,0,90,38,29.53,31.40,22.88,20.42,18.35,0.14,7.54,34.90,4,0.634391997
Chamidae,Chama frondosa,22.375,-1.6,Species Pool,0,35,90,31.02,31.30,22.88,20.42,23.24,0.05,7.16,32.90,2,0.013829473
Chamidae,Chama hicksi,22.375,3,Species Pool,12,75,90,29.00,29.00,16.00,0.00,21.52,0.33,8.38,29.00,0,0.014592081
Chamidae,Chama tinctoria,22.375,7.7,Species Pool,15,92,37,NA,NA,NA,NA,27.46,0.22,7.16,14.68,1,0.014889737
Veneridae,Chione compta,22.375,-6.5,Species Pool,18,90,50,26.70,27.95,22.10,20.42,19.02,0.33,8.89,34.45,1,0.015701205
Veneridae,Chione guatulcoensis,22.375,9,Species Pool,0,34,24,25.17,27.90,22.10,20.42,23.95,0.33,8.05,18.90,1,0.014940625
Veneridae,Chione subimbricata,24.6,-7.7,Species Pool,0,15,49,24.47,27.93,24.17,20.42,17.87,0.36,11.66,35.63,1,0.129238217
Veneridae,Chione tumens,25,11.7,Species Pool,0,20,47,29.80,31.40,22.88,26.95,21.75,0.29,10.38,19.70,0,0.014262625
Veneridae,Chioneryx squamosa,27.8,-5.9,Extralimital,0,90,11,31.02,31.40,28.17,20.42,17.78,0.41,8.97,37.30,1,0.844470316
Veneridae,Chionopsis amathusia,22.375,-4.1,Species Pool,0,73,74,28.97,27.95,22.10,20.42,21.84,0.33,8.38,33.07,0,0.014592081
Veneridae,Chionopsis gnidia,28.3,-5.1,Extralimital,0,33,120,31.02,31.40,26.67,20.42,18.35,0.41,6.92,36.50,0,0.758221191
Veneridae,Chionopsis lilacina,22.375,-2.6,Species Pool,0,30,71,28.90,30.30,22.10,20.42,21.84,0.33,7.16,32.90,0,0.014556775
Veneridae,Chionopsis pulicaria,22.375,-2.6,Species Pool,0,20,62,31.70,31.70,22.10,20.42,23.00,0.33,7.16,34.30,0,0.014556775
Veneridae,Choristodon robustus,27.8,-5.1,Species Pool,0,55,43,26.12,31.30,25.12,20.42,17.78,0.25,8.97,36.40,2,0.090119382
Mytilidae,Choromytilus palliopunctatus,27.1,7.6,Species Pool,0,20,92,23.88,31.50,22.88,20.42,18.88,0.22,16.66,23.90,0,0.030044964
Pandoridae,Clidiophora claviculata,28.2,23.2,Species Pool,15,60,45,31.00,31.30,22.10,20.42,18.34,0.21,4.83,10.88,0,0.11493174
Pandoridae,Clidiophora cornuta,27.8,-14.1,Species Pool,0,70,36,31.02,31.40,28.97,20.42,17.22,0.41,15.71,45.50,0,0.711142626
Lucinidae,Codakia distinguenda,28,-3.6,Extralimital,0,50,150,31.02,31.50,24.20,20.42,18.04,0.05,6.18,35.10,6,0.80942806
Corbulidae,Corbula speciosa,22.375,6,Species Pool,0,125,21,31.00,28.70,22.10,20.42,22.50,0.05,7.16,25.00,1,0.014890402
Crassatellidae,Crassinella nuculiformis,28.3,-3.1,Extralimital,0,62,6,31.50,31.40,22.10,20.42,18.35,0.41,11.89,34.60,0,0.623981574
Ostreidae,Crassostrea columbiensis,27.7,-5,Species Pool,0,0,80,28.40,27.90,22.10,20.42,17.78,0.44,8.97,33.40,1,0.479652997
Ostreidae,Crassostrea corteziensis,22.375,9,Species Pool,0,0,250,NA,28.80,NA,20.42,22.50,0.33,8.05,19.80,0,0.014606535
Lucinidae,Ctena chiquita,26.1,-1.6,Species Pool,0,155,14,31.00,30.30,26.07,20.42,21.55,0.26,3.44,32.60,1,0.021067673
Lucinidae,Ctena mexicana,27.2,-4.1,Extralimital,0,100,21,30.33,31.30,23.55,20.42,18.67,0.10,16.66,35.40,5,0.537927864
Semelidae,Cumingia lamellosa,22.375,-5.1,Species Pool,0,24,24,30.92,31.70,29.80,20.42,19.67,0.33,7.16,36.80,0,0.014808696
Thraciidae,Cyathodonta dubiosa,22.375,7.6,Species Pool,13,183,44,29.10,27.95,22.10,20.42,21.52,0.22,8.64,21.50,0,0.014592081
Thraciidae,Cyathodonta undulata,24.6,-4.2,Extralimital,0,64,50,30.77,31.40,24.17,20.42,21.56,0.41,6.98,35.60,1,0.307959856
Veneridae,Cyclinella jadisi,22.375,-2.7,Species Pool,0,31,70,NA,31.40,NA,20.42,23.24,0.33,7.16,34.10,0,0.014556775
Veneridae,Cyclinella producta,27.8,-3.8,Extralimital,0,0,43,29.80,31.40,28.80,21.22,17.78,0.41,8.97,35.20,0,0.653726578
Veneridae,Cyclinella subquadrata,28.3,-13.1,Extralimital,0,75,81,31.50,31.70,22.10,20.42,18.35,0.45,49.97,44.80,1,0.650790376
Propeamussiidae,Cyclopecten pernomus,28.3,-2.2,Species Pool,2,355,10,29.60,27.98,23.55,20.42,18.35,0.10,7.07,31.80,4,0.508808606
Tellinidae,Cymatoica undulata,22.375,-2.2,Species Pool,7,62,17,31.27,31.70,27.05,20.42,23.00,0.33,7.16,33.90,0,0.014556775
Pholadidae,Cyrtopleura crucigera,22.375,-3.5,Species Pool,0,20,44,NA,27.93,NA,20.42,23.94,0.33,7.54,31.43,0,0.014606535
Cardiidae,Dallocardia senticosa,22.375,-5.8,Species Pool,0,90,60,31.05,31.30,30.68,20.42,19.41,0.33,8.29,37.10,0,0.015091076
Pectinidae,Delectopecten zacae,22.9,-6.6,Species Pool,10,1840,22,28.97,NA,22.88,NA,19.00,0.10,8.89,35.57,2,0.014593956
Ostreidae,Dendostrea folium,22.375,9,Species Pool,8,37,24,24.47,NA,22.10,NA,24.97,0.33,8.05,15.47,3,0.015576634
Pholadidae,Diplothyra curta,22.375,-2.2,Species Pool,0,25,15,31.67,31.50,31.03,20.42,23.12,0.33,7.16,33.87,0,0.014556775
Lucinidae,Divalinga eburnea,27.7,-4.1,Species Pool,0,100,31,29.80,31.50,28.97,20.42,17.78,0.59,8.97,35.60,3,0.325970329
Lucinidae,Divalinga perparvula,24.6,-14.3,Species Pool,7,60,23,26.90,28.80,22.88,20.42,16.43,0.46,11.29,43.10,2,0.28311446
Donacidae,Donax caelatus,22.375,8.6,Species Pool,0,3,49,28.83,27.92,22.10,20.42,22.14,0.23,11.44,20.23,0,0.014103497
Donacidae,Donax carinatus,24.6,-4.1,Species Pool,0,14,52,24.20,24.60,22.10,20.42,21.56,0.27,9.14,28.70,0,0.014802795
Donacidae,Donax culter,22.375,16.8,Species Pool,0,3,47,25.17,25.42,22.10,20.42,24.90,0.21,7.16,8.62,0,0.014556775
Donacidae,Donax gracilis,27.7,-4.7,Species Pool,0,50,29,30.77,31.40,29.77,20.42,17.78,0.41,8.97,36.10,1,0.844470316
Donacidae,Donax punctatostriatus,26.8,19.1,Species Pool,0,17,48,27.05,31.40,26.05,20.42,19.55,0.27,21.03,12.30,0,0.02916313
Donacidae,Donax transversus,22.375,-5.1,Species Pool,0,0,42,25.67,24.60,24.67,20.42,19.67,0.25,9.14,30.77,0,0.015086708
Veneridae,Dosinia dunkeri,24.6,-6.9,Species Pool,0,70,60,31.50,31.40,22.10,20.42,18.46,0.41,7.52,38.40,1,0.2171346
Veneridae,Dosinia ponderosa,27.8,-3.7,Extralimital,0,60,147,31.03,31.40,26.07,20.42,17.78,0.41,8.97,35.10,1,0.844470316
Veneridae,Dosinia semiobliterata,22.375,0.4,Species Pool,0,25,53,NA,23.23,NA,20.42,24.60,0.24,7.16,22.83,0,0.014556775
Nuculidae,Ennucula colombiana,22.375,-5.1,Species Pool,11,734,9,31.03,27.93,22.10,20.42,19.67,0.05,7.16,36.13,1,0.015276332
Pharidae,Ensis californicus,24.6,19.2,Species Pool,0,50,85,31.50,31.70,22.10,20.42,21.56,0.45,6.98,12.50,0,0.087912791
Pharidae,Ensis nitidus,22.375,9.7,Species Pool,0,23,92,31.02,NA,22.10,NA,23.29,0.33,15.90,21.32,0,0.022419629
Pharidae,Ensis tropicalis,22.375,8.7,Species Pool,0,62,98,24.20,31.70,22.10,20.42,23.00,0.23,11.44,23.00,0,0.014103497
Lyonsiidae,Entodesma inflatum,26.8,-12,Species Pool,0,40,40,31.50,31.40,22.10,20.42,18.02,0.41,16.19,43.50,0,0.552774131
Lyonsiidae,Entodesma pictum,22.9,-6.5,Species Pool,0,40,70,31.02,31.40,22.88,20.42,19.02,0.34,8.89,37.90,1,0.01581051
Lucinidae,Epicodakia clarionensis,24.6,-3.7,Species Pool,0,194,17,29.90,27.95,22.10,26.95,20.47,0.05,7.07,33.60,4,0.063407364
Tellinidae,Eurytellina eburnea,22.375,-5.9,Species Pool,9,155,61,NA,27.90,NA,20.42,19.41,0.33,8.29,33.80,0,0.015091076
Tellinidae,Eurytellina hiberna,22.375,-4.6,Species Pool,0,55,19,NA,31.70,NA,20.42,20.68,0.33,7.16,36.30,0,0.014808696
Tellinidae,Eurytellina inaequistriata,22.375,-2.3,Species Pool,1,119,34,NA,31.40,NA,20.42,23.24,0.33,7.16,33.70,0,0.014556775
Tellinidae,Eurytellina prora,22.375,-3.7,Species Pool,0,155,72,31.00,27.90,22.10,20.42,23.29,0.33,7.16,34.70,0,0.014556775
Tellinidae,Eurytellina regia,27.8,-4.1,Species Pool,0,24,52,30.77,31.70,29.77,20.42,17.78,0.51,8.97,35.80,0,0.301762638
Tellinidae,Eurytellina rubescens,22.375,-3.7,Species Pool,0,10,47,30.30,NA,22.10,NA,23.04,0.33,7.16,34.00,0,0.014556775
Pectinidae,Euvola perula,22.375,-4.5,Species Pool,2,119,39,NA,27.90,NA,20.42,20.68,0.33,7.16,32.40,2,0.01403668
Pectinidae,Euvola vogdesi,27.8,-2.2,Extralimital,0,155,117,29.53,31.40,22.10,20.42,17.78,0.41,8.97,33.60,2,0.709585935
Ungulinidae,Foveamysia soror,26.2,-0.9,Species Pool,0,120,15,31.00,31.30,22.10,20.42,21.44,0.28,4.83,32.20,0,0.020038971
Pandoridae,Frenamya arcuata,22.375,-4.1,Species Pool,15,30,26,24.70,NA,22.10,NA,23.38,0.33,7.16,28.80,0,0.014556775
Pandoridae,Frenamya radians,26.7,-3.7,Species Pool,4,300,24,NA,NA,NA,NA,19.79,0.61,16.19,30.40,0,0.061458028
Arcidae,Fugleria illota,26.8,-4.5,Species Pool,0,73,51,31.02,31.40,22.88,20.42,19.55,0.41,16.19,35.90,1,0.1973904
Psammobiidae,Gari helenae,27.8,-1.6,Species Pool,0,155,61,31.02,30.30,28.97,20.42,17.78,0.26,8.97,32.62,1,0.10031334
Psammobiidae,Gari lata,24.6,-2.2,Species Pool,0,110,66,30.00,30.30,22.10,20.42,21.56,0.38,6.98,32.50,0,0.056962698
Gastrochaenidae,Gastrochaena denticulata,22.375,-41.8,Species Pool,0,70,18,NA,NA,NA,NA,27.46,0.33,7.16,64.18,1,0.014889737
Gastrochaenidae,Gastrochaena ovata,22.375,-2.2,Species Pool,0,55,31,31.03,31.00,22.10,20.42,23.29,0.05,7.16,33.23,4,0.062227689
Veneridae,Globivenus isocardia,22.375,-3.8,Species Pool,8,110,127,28.97,27.95,23.13,20.77,20.47,0.05,8.38,32.77,5,0.063793985
Glycymerididae,Glycymeris gigantea,24.6,11.1,Species Pool,0,60,105,29.80,31.40,28.97,21.40,21.56,0.27,15.60,20.30,1,0.021271234
Glycymerididae,Glycymeris maculata,22.375,-8.5,Species Pool,0,84,84,31.02,31.40,29.53,20.42,18.16,0.33,9.11,39.90,0,0.065316295
Veneridae,Gouldia californica,24.6,-13.6,Species Pool,0,165,8,25.97,28.40,24.17,20.42,19.55,0.21,14.70,42.00,2,0.020167512
Periplomatidae,Halistrepta myrae,22.375,19.1,Species Pool,16,90,30,26.00,27.90,22.10,20.42,23.95,0.25,21.03,8.80,0,0.028354573
Mactridae,Harvella elegans,22.375,-4,Species Pool,0,70,76,NA,23.20,NA,20.42,23.81,0.33,7.16,27.20,0,0.014556775
Crassatellidae,Hybolophus gibbosus,26.1,-5.6,Species Pool,5,110,93,31.10,27.93,27.05,20.42,19.64,0.44,8.66,36.70,1,0.061732489
Gryphaeidae,Hyotissa fisheri,22.375,-1.3,Species Pool,0,30,230,29.80,NA,22.10,NA,22.84,0.31,7.16,31.10,4,0.062196345
Gryphaeidae,Hyotissa quercina,22.375,-6.4,Species Pool,0,0,89,31.02,31.40,22.10,20.42,19.05,0.05,7.16,37.80,4,0.064165222
Veneridae,Hyphantosoma aletes,28.3,9.5,Species Pool,15,110,54,25.80,28.30,23.48,20.42,18.35,0.21,3.34,18.80,0,0.149680041
Veneridae,Hyphantosoma pollicaris,22.375,-5.1,Species Pool,0,40,67,31.02,27.90,22.10,20.42,19.67,0.33,7.16,36.12,1,0.015225074
Veneridae,Hysteroconcha lupanaria,26.2,-5.9,Species Pool,0,24,78,NA,28.80,NA,20.42,19.41,0.46,8.29,34.70,0,0.031699616
Veneridae,Hysteroconcha multispinosa,22.375,-3.5,Species Pool,8,20,41,NA,22.40,NA,20.42,23.94,0.33,7.54,25.90,0,0.014606535
Veneridae,Iliochione subrugosa,24.6,-5.9,Species Pool,0,0,50,26.12,31.40,22.88,20.42,19.41,0.25,8.29,37.30,1,0.015442093
Donacidae,Iphigenia altior,22.375,-5.8,Species Pool,0,11,84,NA,23.23,NA,20.42,19.41,0.33,8.29,29.03,0,0.015091076
Pholadidae,Jouannetia pectinata,28.3,-2.2,Species Pool,0,55,52,24.20,27.90,22.10,20.42,18.35,0.41,7.07,30.50,1,0.192906698
Corbulidae,Juliacorbula bicarinata,22.375,-3.7,Species Pool,0,110,13,NA,31.40,NA,20.42,23.24,0.33,7.16,35.10,1,0.014889737
Crassatellidae,Kalolophus antillarum,22.9,-2.7,Species Pool,5,206,105,29.50,30.30,22.88,20.42,22.61,0.34,6.07,33.00,0,0.029659577
Tellinidae,Laciolina ochracea,22.375,-1.4,Species Pool,0,80,65,26.70,27.90,22.10,20.42,23.23,0.25,7.96,29.30,2,0.01388538
Veneridae,Lamelliconcha alternata,22.9,-4.3,Species Pool,0,55,56,31.27,31.30,30.27,23.22,22.82,0.34,5.87,35.60,0,0.025199114
Veneridae,Lamelliconcha callicomata,22,-2.8,Species Pool,12,73,47,NA,NA,NA,NA,24.13,0.56,9.58,24.80,0,0.034252471
Veneridae,Lamelliconcha concinna,24.8,-3.7,Species Pool,0,73,52,31.50,31.40,22.10,20.42,21.24,0.41,8.77,35.20,0,0.100078294
Veneridae,Lamelliconcha unicolor,22.375,-1.3,Species Pool,0,11,55,NA,22.50,NA,20.42,23.23,0.31,7.16,23.80,0,0.014556775
Veneridae,Lamelliconcha vinacea,22.375,-2.2,Species Pool,0,30,40,NA,27.90,NA,20.42,23.90,0.33,7.16,30.10,0,0.014556775
Arcidae,Larkinia grandis,24.6,-5.6,Species Pool,0,9,156,24.20,27.90,22.10,20.42,19.64,0.41,8.66,33.50,1,0.026266085
Mytilidae,Leiosolenus calyculatus,22.375,-0.7,Species Pool,0,40,15,24.90,27.90,22.10,20.42,21.92,0.05,7.16,28.60,3,0.01561861
Mytilidae,Leiosolenus hastasius,22.375,-4.7,Species Pool,0,0,39,NA,23.20,NA,20.42,20.04,0.33,7.16,27.90,0,0.014808696
Mytilidae,Leiosolenus levigatus,22.375,-0.5,Species Pool,0,24,56,NA,27.90,NA,20.42,21.92,0.27,7.16,28.40,1,0.014889737
Mytilidae,Leiosolenus spatiosus,22.375,-3.7,Species Pool,0,27,63,31.02,31.40,30.02,20.42,23.24,0.33,7.16,35.10,0,0.014556775
Pectinidae,Leopecten sericeus,22.375,-3.6,Species Pool,13,183,88,29.50,28.30,22.10,20.42,22.61,0.05,7.16,33.10,3,0.01561861
Tellinidae,Leporimetis cognata,24.6,-5.9,Species Pool,0,24,80,29.90,31.30,28.90,20.42,19.41,0.35,8.29,37.20,1,0.024474031
Semelidae,Leptomya ecuadoriana,22.375,-3.5,Species Pool,0,40,37,NA,25.60,NA,20.42,23.94,0.27,11.06,29.10,0,0.014223848
Pectinidae,Leptopecten biolleyi,26.7,-3.1,Species Pool,18,220,12,26.10,27.90,22.10,20.42,19.79,0.25,16.19,31.00,0,0.028794549
Pectinidae,Leptopecten tumbezensis,22.375,-4.7,Species Pool,0,128,45,31.10,27.90,22.10,20.42,20.04,0.33,7.16,35.80,0,0.014808696
Pectinidae,Leptopecten velero,22.375,-4.6,Species Pool,5,90,17,30.30,NA,22.10,NA,20.68,0.33,7.16,34.90,1,0.015225074
Veneridae,Leukoma asperrima,22.375,-5.8,Species Pool,0,0,51,NA,28.80,NA,20.42,19.41,0.33,8.29,34.60,0,0.015091076
Veneridae,Leukoma beili,22.375,-2.3,Species Pool,0,0,57,NA,23.20,NA,20.42,23.90,0.33,7.16,25.50,0,0.014556775
Veneridae,Leukoma columbiensis,22.375,-4.5,Species Pool,0,0,60,NA,27.90,NA,20.42,20.68,0.33,7.16,32.40,0,0.014808696
Veneridae,Leukoma grata,24.6,-4.5,Extralimital,0,390,53,31.02,31.40,24.17,20.42,20.68,0.41,6.98,35.90,1,0.332961023
Veneridae,Leukoma histrionica,22.375,-5.9,Species Pool,0,0,56,NA,27.90,NA,20.42,19.41,0.33,8.29,33.80,0,0.015091076
Veneridae,Leukoma metodon,22.375,-5.8,Species Pool,0,0,43,NA,NA,NA,NA,19.41,0.33,8.29,28.18,0,0.015091076
Limidae,Lima tetrica,22.375,-1.3,Species Pool,0,110,73,29.90,30.30,22.10,20.42,22.89,0.31,7.16,31.60,2,0.013822306
Limidae,Limaria orbignyi,22.375,-33.6,Species Pool,0,22,50,31.03,31.30,28.15,20.42,14.27,0.33,7.16,64.90,1,0.11747697
Limidae,Limaria pacifica,22.375,-5.8,Species Pool,0,10,41,29.80,31.30,28.80,20.42,19.41,0.33,8.29,37.10,1,0.015456458
Mytilidae,Lioberus salvadoricus,22.375,8.1,Species Pool,0,40,42,31.03,31.70,22.10,20.42,23.00,0.32,9.31,23.60,0,0.014802795
Veneridae,Lirophora mariae,28.3,-4.5,Species Pool,6,100,37,31.33,31.40,23.55,20.42,18.35,0.41,4.83,35.90,1,0.522172357
Cardiidae,Lophocardium annettae,28.3,10.7,Species Pool,0,200,57,31.02,27.90,26.85,20.42,18.35,0.19,7.07,20.32,0,0.128116996
Cardiidae,Lophocardium cumingii,22.375,6,Species Pool,10,65,51,25.50,25.60,22.10,20.42,24.98,0.27,11.06,19.60,0,0.014223848
Lucinidae,Lucinisca centrifuga,27.7,-5.9,Species Pool,0,174,20,26.95,31.30,25.97,20.42,17.78,0.35,8.97,37.20,1,0.193463418
Lucinidae,Lucinisca fenestrata,22.375,-1,Species Pool,13,90,55,30.00,27.90,22.10,20.42,22.95,0.26,7.16,31.00,0,0.014556775
Arcidae,Lunarca brevifrons,22.375,-4.7,Species Pool,0,90,43,NA,27.95,NA,20.42,20.04,0.33,7.16,32.65,0,0.014808696
Tellinidae,Lyratellina lyrica,22.375,-3.6,Species Pool,15,73,60,31.00,27.90,22.10,20.42,23.29,0.33,7.16,34.60,0,0.014556775
Tellinidae,Macoploma ecuadoriana,22.375,-5.1,Species Pool,0,80,101,31.00,27.90,22.10,20.42,19.67,0.33,7.16,36.10,0,0.014808696
Tellinidae,Macoploma elytrum,22.375,-3.6,Species Pool,1,110,52,31.20,NA,22.10,NA,23.24,0.33,7.16,34.80,0,0.014556775
Tellinidae,Macoploma lamproleuca,22.375,-4.1,Species Pool,0,30,97,NA,27.90,NA,20.42,23.38,0.33,7.16,32.00,0,0.014556775
Tellinidae,Macoploma siliqua,22.375,1,Species Pool,18,110,30,31.00,NA,22.10,NA,23.29,0.33,7.16,30.00,0,0.014556775
Mactridae,Mactrellona clisia,22.375,-4.1,Species Pool,0,86,100,NA,27.40,NA,20.42,23.38,0.33,7.16,31.50,0,0.014556775
Mactridae,Mactrellona exoleta,22.375,-4.1,Species Pool,0,20,131,NA,23.22,NA,20.42,23.38,0.33,7.16,27.32,0,0.014556775
Mactridae,Mactrellona subalata,22.375,-3.5,Species Pool,0,0,85,NA,24.25,NA,20.42,23.94,0.33,8.47,27.75,0,0.014592081
Mactridae,Mactrotoma angusta,22.375,-4.1,Species Pool,0,60,54,NA,23.20,NA,20.42,23.38,0.33,7.16,27.30,0,0.014556775
Malleidae,Malleus regula,22.375,7.3,Species Pool,10,40,120,25.10,23.23,22.10,20.42,24.86,0.05,7.16,17.80,5,0.062227689
Pholadidae,Martesia striata,24.6,-3.5,Species Pool,0,60,44,31.50,31.40,22.10,20.42,21.56,0.14,7.54,35.00,2,0.013994027
Veneridae,Megapitaria aurantiaca,28,-6.5,Species Pool,0.5,30,128,28.97,31.40,24.10,20.42,18.04,0.41,8.89,37.90,1,0.564477115
Veneridae,Megapitaria squalida,27.8,-5.1,Extralimital,0,200,130,31.02,31.40,22.88,20.42,17.78,0.41,8.97,36.50,2,0.709585935
Lucinidae,Merisca cristallina,28.3,-6.9,Species Pool,18,250,6,29.60,29.90,22.10,20.42,18.35,0.44,7.52,36.80,0,0.188706709
Ungulinidae,Microstagon obliquum,24.1,-2.4,Species Pool,6,30,6,23.50,25.60,22.10,20.42,22.87,0.21,11.06,28.00,0,0.014223848
Mytilidae,Modiolatus pacificus,22.375,-5.8,Species Pool,0,0,98,NA,26.00,NA,20.42,19.41,0.33,8.29,31.80,0,0.015091076
Mytilidae,Modiolus americanus,24.6,-5.1,Species Pool,0,100,85,24.20,27.90,22.10,20.42,19.67,0.41,7.07,33.00,0,0.022184616
Mytilidae,Modiolus eiseni,22.375,-5.1,Species Pool,4,360,55,25.80,27.93,22.10,20.42,19.67,0.21,7.16,33.03,0,0.014794927
Mactridae,Mulinia pallida,26.3,-13.8,Extralimital,0,48,93,31.00,31.40,22.10,20.42,18.46,0.41,21.43,45.20,1,0.909893725
Mytilidae,Mytella charruana,24.6,-3.5,Species Pool,0,0,80,24.20,27.90,22.10,20.42,21.56,0.41,7.54,31.40,1,0.024185812
Mytilidae,Mytella guyanensis,24.6,-3.5,Species Pool,0,0,70,31.02,31.40,30.02,20.42,21.56,0.41,7.54,34.90,0,0.091757569
Mytilidae,Mytella tumbezensis,24.6,-3.5,Species Pool,0,35,46,25.80,27.90,22.10,20.42,21.56,0.21,7.54,31.40,0,0.014606535
Lucinidae,Neophysema aphanes,25.5,-1.5,Species Pool,4,250,21,25.80,30.30,22.10,20.42,21.73,0.21,5.00,31.80,1,0.021502006
Noetiidae,Noetia reversa,22.375,-4.1,Species Pool,0,73,70,29.80,23.20,26.80,20.42,22.84,0.33,7.16,33.90,0,0.014556775
Nuculanidae,Nuculana costellata,22.375,5.5,Species Pool,15,130,25,31.02,27.90,22.10,20.42,23.29,0.33,7.16,25.52,0,0.014556775
Veneridae,Nutricola humilis,28.3,23.3,Species Pool,0,30,7,28.97,24.23,24.17,23.23,18.35,0.21,8.47,5.74,0,0.117037409
Ostreidae,Ostrea angelica,22.375,10.9,Species Pool,0.5,50,100,31.02,31.30,28.80,20.42,20.47,0.10,15.60,20.40,3,0.023027068
Ostreidae,Ostrea conchaphila,22.375,-3.5,Species Pool,0,100,80,31.33,31.40,28.17,20.42,23.24,0.33,7.54,34.90,0,0.014606535
Ostreidae,Ostrea megodon,27.7,-5.9,Extralimital,0,110,103,31.15,27.95,23.13,20.42,17.78,0.42,8.97,37.05,1,0.596795887
Tellinidae,Oudardia varilineata,22.375,-3.7,Species Pool,7,13,25,NA,22.40,NA,20.42,24.38,0.33,7.16,26.10,0,0.014556775
Tellinidae,Oudardia virgo,24.8,-3.5,Species Pool,0,35,23,30.77,31.40,29.77,20.42,21.24,0.41,8.77,34.90,0,0.100078294
Corbulidae,Panamicorbula ventricosa,22.375,-3.5,Species Pool,0,0,35,24.20,27.95,22.10,20.42,23.94,0.33,7.54,31.45,0,0.014606535
Pandoridae,Pandora rachaelae,22.375,15.8,Species Pool,0,60,14,23.40,31.00,22.10,20.42,23.29,0.05,11.99,15.20,1,0.015281917
Pandoridae,Pandora sarahae,24.6,22.9,Species Pool,2,10,12,31.00,31.30,30.00,30.30,21.56,0.26,6.98,8.40,0,0.041446334
Pandoridae,Pandora uncifera,22.375,-0.9,Species Pool,5,66,13,29.80,30.30,22.88,20.42,22.15,0.28,7.16,31.20,0,0.014556775
Hiatellidae,Panopea globosa,24.6,22.9,Species Pool,10,100,164,31.02,27.90,27.23,23.22,21.56,0.26,7.07,8.12,0,0.014548649
Veneridae,Paphonotia elliptica,22.375,-18.5,Species Pool,0,30,40,NA,NA,NA,NA,18.90,0.33,10.45,40.88,0,0.014674118
Cardiidae,Papyridea aspersa,28.3,-2.2,Species Pool,0,160,52,29.80,31.40,26.12,20.42,18.35,0.41,4.83,33.60,2,0.443228159
Cardiidae,Papyridea hiulca,22.375,-4.5,Species Pool,0,12,50,25.80,NA,22.10,NA,20.68,0.21,7.16,30.30,0,0.014794927
Pholadidae,Parapholas acuminata,22.375,-3.9,Species Pool,0,25,62,30.50,27.90,22.10,20.42,23.13,0.33,7.16,34.40,1,0.014889737
Pholadidae,Parapholas calva,22.375,1.4,Species Pool,0,45,50,NA,27.93,NA,20.42,23.95,0.33,7.71,26.53,1,0.014940625
Lucinidae,Pegophysema blanquita,24.6,17.7,Species Pool,18,100,90,31.00,30.50,30.00,29.50,21.56,0.21,6.98,13.30,0,0.041446334
Veneridae,Periglypta multicostata,22.375,-4.2,Species Pool,0,15,137,28.15,30.30,22.10,20.42,22.40,0.33,7.16,34.50,1,0.014889737
Periplomatidae,Periploma stearnsii,22.9,22.9,Species Pool,0,44,51,30.50,NA,22.10,NA,23.13,0.42,2.90,8.40,0,0.065608886
Veneridae,Petricola botula,22.375,-2.2,Species Pool,0,0,16,NA,23.20,NA,20.42,23.90,0.33,7.16,25.40,0,0.014556775
Veneridae,Petricola denticulata,24.8,-6.8,Species Pool,0,22,42,31.50,31.40,22.10,20.42,18.55,0.41,10.08,38.30,1,0.285578773
Veneridae,Petricola exarata,22.375,-3.5,Species Pool,0,0,15,NA,27.90,NA,20.42,23.94,0.33,7.54,31.40,0,0.014606535
Veneridae,Petricola insignis,22.375,-2.2,Species Pool,0,32,44,30.77,31.33,22.88,20.42,23.24,0.33,7.16,33.53,0,0.014556775
Veneridae,Petricola linguafelis,22.375,-3.7,Species Pool,0,20,7,23.50,23.70,22.10,20.42,24.38,0.21,7.16,27.40,0,0.014556775
Veneridae,Petricolaria cognata,28.3,-3.5,Extralimital,0,15,80,31.00,31.30,22.10,20.42,18.35,0.35,7.54,34.80,0,0.25222872
Ungulinidae,Phlyctiderma caelatum,22.375,-4.2,Species Pool,0,35,24,NA,23.50,NA,20.42,22.82,0.33,7.16,27.70,1,0.014889737
Ungulinidae,Phlyctiderma semirugosum,26.2,-4.1,Species Pool,0,122,14,31.00,31.40,23.50,20.42,21.44,0.41,4.83,35.50,1,0.129172437
Pholadidae,Pholas chiloensis,27.8,-41.9,Species Pool,0,150,131,31.02,31.30,30.77,20.42,17.78,0.35,8.97,73.20,0,0.162197152
Tellinidae,Phyllodella insculpta,22.375,-2.2,Species Pool,6,26,35,28.90,NA,22.10,NA,21.84,0.33,7.16,31.10,0,0.014556775
Pteriidae,Pinctada mazatlanica,22.9,-5.1,Species Pool,0,25,150,27.20,29.00,24.17,20.42,19.67,0.05,8.40,34.10,4,0.06405776
Pinnidae,Pinna rugosa,28.2,-5.6,Species Pool,0,100,430,31.02,31.40,24.17,20.42,18.34,0.14,8.66,37.00,2,0.094192574
Veneridae,Pitar berryi,22.375,-2.2,Species Pool,7,40,55,NA,27.95,NA,20.42,23.90,0.33,7.16,30.15,0,0.014556775
Veneridae,Pitar consanguineus,22.375,-3.7,Species Pool,0,44,47,28.20,23.30,22.10,20.42,22.40,0.05,7.16,31.90,1,0.014890402
Veneridae,Pitar helenae,22.375,-3.5,Species Pool,0,45,33,31.33,31.40,28.15,20.42,23.24,0.33,7.54,34.90,1,0.014940625
Veneridae,Pitar perfragilis,22.375,-2.5,Species Pool,6,183,28,31.00,27.95,22.10,20.42,23.29,0.33,7.16,33.50,0,0.014556775
Placunidae,Placunanomia cumingii,22.375,-3.6,Species Pool,0,100,100,28.90,28.30,22.10,20.42,21.84,0.21,7.16,32.50,0,0.014556775
Placunidae,Placunanomia panamensis,22.375,9,Species Pool,2,3,70,27.00,27.90,22.10,20.42,23.95,0.33,8.05,18.90,0,0.014606535
Lucinidae,Pleurolucina leucocymoides,27.7,-2.5,Species Pool,9,150,27,31.00,27.95,28.97,20.42,17.78,0.42,8.97,33.50,2,0.481749714
Lucinidae,Pleurolucina taylori,22.9,22.9,Species Pool,0,183,15,25.80,NA,22.90,NA,24.78,0.21,2.48,2.90,1,0.021067673
Plicatulidae,Plicatula anomioides,22.375,13.5,Species Pool,0,0,42,30.30,27.90,22.10,20.42,23.04,0.33,12.55,16.80,0,0.019665468
Plicatulidae,Plicatula penicillata,22.375,-2.2,Species Pool,0,60,24,28.97,27.95,22.10,20.42,21.84,0.33,8.38,31.17,0,0.014592081
Plicatulidae,Plicatula spondylopsis,22.375,-3.6,Species Pool,0,80,50,31.00,29.90,22.10,20.42,22.79,0.33,7.16,34.60,1,0.014889737
Anomiidae,Pododesmus foliatus,22.375,-4.5,Species Pool,0,200,95,30.00,27.90,22.10,20.42,20.68,0.33,7.16,34.50,0,0.014808696
Psammobiidae,Psammotella bertini,27.8,-5,Species Pool,0,17,93,24.20,28.00,22.10,20.42,17.78,0.41,8.97,33.00,0,0.162158258
Tellinidae,Psammotreta dombei,22.375,-3.5,Species Pool,0,18,69,NA,25.60,NA,20.42,23.94,0.27,11.06,29.10,0,0.014606535
Tellinidae,Psammotreta dombei,22.375,-3.5,Species Pool,0,0,70,NA,27.90,NA,20.42,23.94,0.33,7.54,31.40,0,0.014223848
Tellinidae,Psammotreta psammotella,22.375,-1.1,Species Pool,0,33,33,NA,31.40,NA,20.42,23.05,0.26,7.16,32.50,0,0.014556775
Tellinidae,Psammotreta pura,24.6,-5.6,Extralimital,0,26,55,30.77,31.40,24.17,20.42,19.64,0.41,8.66,37.00,1,0.151465018
Chamidae,Pseudochama corrugata,22.375,-5.8,Species Pool,0,5,87,29.53,27.92,22.10,20.42,19.41,0.33,8.29,35.33,1,0.015456458
Chamidae,Pseudochama inermis,22.375,7.2,Species Pool,0,10,79,NA,31.40,NA,20.42,23.24,0.32,7.16,24.20,0,0.014556775
Chamidae,Pseudochama panamensis,22.375,3,Species Pool,0,35,52,29.80,22.80,24.17,20.42,22.84,0.33,7.16,26.80,0,0.014556775
Chamidae,Pseudochama saavedrai,22.375,-3.6,Species Pool,0,55,65,29.80,31.33,22.10,20.42,22.84,0.33,7.16,34.93,1,0.014889737
Lucinidae,Radiolucina cancellaris,28.3,-12.1,Species Pool,0,212,8,28.80,31.30,26.07,20.42,18.02,0.35,12.03,43.40,0,0.108051855
Mactridae,Raeta plicatella,22.375,7.6,Species Pool,0,40,79,31.00,30.30,22.10,20.42,23.06,0.22,8.64,23.40,0,0.014592081
Mactridae,Rangia mendica,22.375,16.9,Species Pool,0,15,25,31.02,31.33,22.88,20.42,23.24,0.21,7.16,14.43,0,0.014556775
Nuculanidae,Saccella acapulcensis,22.375,1,Species Pool,4,200,14,NA,31.40,NA,20.42,23.24,0.33,7.16,30.40,1,0.014889737
Nuculanidae,Saccella eburnea,25.3,-4.7,Species Pool,10,112,17,25.30,27.87,23.20,20.42,20.04,0.33,7.07,32.57,0,0.01480043
Nuculanidae,Saccella elenensis,22.375,-5.2,Species Pool,15,30,14,31.03,28.00,25.97,20.42,19.30,0.33,7.16,36.23,0,0.015026732
Nuculanidae,Saccella fastigata,22.375,-5.9,Species Pool,9,94,40,NA,27.93,NA,20.42,19.41,0.33,8.29,33.83,0,0.015091076
Nuculanidae,Saccella hindsii,22.375,7.6,Species Pool,16,100,15,NA,27.90,NA,20.42,23.95,0.22,8.64,20.30,0,0.014592081
Nuculanidae,Saccella impar,22.375,-2.5,Species Pool,3,80,19,31.02,31.40,30.07,20.42,23.24,0.33,7.16,33.90,0,0.014556775
Nuculanidae,Saccella laeviradius,22.375,-5.8,Species Pool,7,100,8,NA,31.40,NA,20.42,19.41,0.33,8.29,37.20,0,0.015091076
Ostreidae,Saccostrea palmula,26.8,-5.9,Species Pool,0,0,75,31.20,31.40,26.67,20.42,19.41,0.41,16.19,37.30,2,0.162110897
Psammobiidae,Sanguinolaria ovalis,22.375,7.2,Species Pool,0,38,34,NA,27.90,NA,20.42,23.95,0.32,7.16,20.70,0,0.014556775
Psammobiidae,Sanguinolaria tellinoides,23.3,0.4,Species Pool,0,14,75,30.90,29.90,29.77,20.42,22.79,0.24,4.22,30.50,0,0.019965336
Semelidae,Semele barbarae,22.375,-2.7,Species Pool,0,101,54,27.23,NA,22.10,NA,23.64,0.33,8.40,29.93,0,0.014592081
Semelidae,Semele bicolor,22.375,-4.1,Species Pool,0,27,31,29.90,30.22,22.10,20.42,22.89,0.33,7.16,34.32,0,0.014556775
Semelidae,Semele californica,24.8,22.9,Species Pool,0,70,44,29.97,27.93,24.17,27.67,21.24,0.26,8.77,7.07,0,0.014803379
Semelidae,Semele flavescens,24.6,-4.7,Species Pool,0,5,69,31.02,31.40,22.88,20.42,20.04,0.41,6.98,36.10,1,0.327724996
Semelidae,Semele formosa,22.375,-2.2,Species Pool,0,100,77,28.37,28.40,22.10,20.42,21.89,0.23,7.50,30.60,1,0.014889737
Semelidae,Semele hanleyi,22.375,19.5,Species Pool,0,150,28,31.10,31.40,24.17,20.42,23.24,0.33,7.16,11.90,0,0.014556775
Semelidae,Semele jamesi,22.375,1.6,Species Pool,4,161,7,30.33,27.93,22.10,20.42,23.04,0.05,7.16,28.73,3,0.01561861
Semelidae,Semele jovis,22.375,9.7,Species Pool,0,100,71,31.12,31.50,24.17,20.42,23.24,0.33,15.90,21.80,0,0.022419629
Semelidae,Semele laevis,22.375,-3.7,Species Pool,0,27,89,NA,27.93,NA,20.42,23.95,0.33,7.16,31.63,0,0.014556775
Semelidae,Semele lenticularis,27.8,-3.9,Species Pool,0,44,30,30.33,31.40,22.87,20.42,17.78,0.41,8.97,35.30,0,0.653726578
Semelidae,Semele pallida,22.375,-3.5,Species Pool,13,128,41,26.67,27.95,22.10,20.42,23.93,0.33,7.96,31.45,0,0.014606535
Semelidae,Semele pilsbryi,22.375,-1.3,Species Pool,0,20,54,NA,27.93,NA,20.42,23.23,0.31,7.16,29.23,0,0.014556775
Semelidae,Semele purpurascens,22.375,-2.3,Species Pool,0,78,34,NA,27.93,NA,20.42,23.90,0.33,7.16,30.23,2,0.013729612
Semelidae,Semele rosea,24.6,-3.5,Species Pool,0,37,83,28.97,27.95,27.97,20.42,21.56,0.42,8.38,32.47,1,0.070002356
Semelidae,Semele tortuosa,22.375,-2,Species Pool,0,100,62,25.80,27.93,22.10,20.42,23.95,0.21,7.16,29.93,0,0.014556775
Semelidae,Semele verrucosa,28.3,2,Species Pool,0,128,27,31.08,31.50,24.27,20.42,18.35,0.20,5.25,29.50,0,0.165769174
Semelidae,Semelina campbellorum,22.375,-6.9,Species Pool,5,100,7,29.10,25.40,22.10,20.42,18.46,0.05,8.38,36.00,1,0.057065128
Semelidae,Semelina subquadrata,24.6,-2.2,Species Pool,0,220,7,25.80,27.90,22.10,20.42,21.56,0.21,7.07,30.10,1,0.014881426
Mytilidae,Septifer zeteki,22.9,-5.9,Species Pool,0,90,11,31.13,27.95,24.17,20.42,19.41,0.05,8.29,37.03,5,0.064684683
Tellinidae,Serratina brevirostris,22.375,-3.5,Species Pool,0,0,19,NA,27.90,NA,20.42,23.94,0.33,7.54,31.40,0,0.014606535
Tellinidae,Serratina martinicensis,24.6,1,Species Pool,10,90,13,31.02,27.90,30.68,20.42,21.56,0.37,7.07,30.02,1,0.023484743
Tellinidae,Serratina reclusa,22.375,6.4,Species Pool,0,40,23,NA,31.40,NA,20.42,23.24,0.29,7.16,25.00,0,0.014556775
Mactridae,Simomactra dolabriformis,24.6,0.9,Species Pool,0,0,94,31.02,31.30,30.02,20.42,21.56,0.35,6.98,30.40,0,0.056982676
Thraciidae,Skoglundia colpoica,22.375,-3.7,Species Pool,0,0,24,25.17,30.03,22.10,20.42,22.79,0.33,7.16,33.73,0,0.014556775
Solenidae,Solen pazensis,22.375,15.8,Species Pool,0,13,58,24.20,NA,22.10,NA,25.12,0.30,11.99,8.40,0,0.014664951
Solenidae,Solen pfeifferi,22.375,-3.5,Species Pool,0,40,49,31.02,28.80,22.10,20.42,22.50,0.33,7.54,34.52,0,0.014606535
Myidae,Sphenia gulfensis,22.375,23.2,Species Pool,0,68,13,25.80,31.40,22.10,23.20,23.24,0.21,4.83,9.30,0,0.019965336
Spondylidae,Spondylus crassisquama,28.3,-6.7,Species Pool,10,90,145,28.90,27.92,23.03,20.42,18.35,0.44,10.08,35.60,1,0.352579579
Spondylidae,Spondylus leucacanthus,28.3,-1.3,Species Pool,10,90,156,29.53,28.70,28.97,26.95,18.35,0.31,6.42,30.83,0,0.260468238
Spondylidae,Spondylus limbatus,22.375,-3.9,Species Pool,0.5,40,249,31.02,31.40,24.17,20.42,20.47,0.10,7.16,35.30,4,0.063543129
Tellinidae,Strigilla chroma,22.375,-4.1,Species Pool,0,13,25,NA,31.70,NA,20.42,23.00,0.33,7.16,35.80,0,0.014556775
Tellinidae,Strigilla cicercula,22.375,0,Species Pool,0,57,12,31.13,27.92,22.10,20.42,23.20,0.25,7.16,31.13,0,0.014556775
Tellinidae,Strigilla dichotoma,22.375,-1.1,Species Pool,0,0,9,30.30,30.60,22.10,20.42,23.04,0.26,7.16,31.70,0,0.014556775
Tellinidae,Strigilla ervilia,22.375,-2.2,Species Pool,0,24,11,23.88,27.87,22.88,20.42,23.90,0.28,7.16,30.07,0,0.014556775
Tellinidae,Strigilla interrupta,21.6,-2.2,Species Pool,9,18,8,NA,NA,NA,NA,23.90,0.39,11.25,23.80,0,0.021289097
Tellinidae,Strigilla serrata,24.1,-1.1,Species Pool,0,26,10,31.02,31.70,30.02,20.42,22.87,0.26,5.33,32.80,1,0.022523355
Ostreidae,Striostrea prismatica,22.375,-4.1,Species Pool,0,0,190,24.20,23.22,22.10,20.42,23.38,0.33,7.16,28.30,0,0.014556775
Carditidae,Strophocardia megastropha,22.375,-1.9,Species Pool,0,100,54,29.60,27.95,22.10,20.42,22.61,0.05,7.16,31.50,3,0.01561861
Solecurtidae,Tagelus longisinuatus,22.375,16.2,Species Pool,0,0,62,NA,23.22,NA,20.42,26.54,0.33,7.16,7.02,0,0.014556775
Solecurtidae,Tagelus peruanus,22.375,-12,Species Pool,0,4,48,NA,23.42,NA,20.42,18.02,0.33,14.76,35.42,0,0.084330627
Solecurtidae,Tagelus peruvianus,22.375,-3.7,Species Pool,0,40,85,31.00,27.90,22.10,20.42,23.29,0.33,7.16,34.70,0,0.014556775
Solecurtidae,Tagelus politus,24.6,-3.5,Species Pool,0,70,50,31.20,27.95,27.05,20.42,21.56,0.42,7.54,34.70,1,0.069972689
Tellinidae,Tellidora burneti,22.375,-2.2,Species Pool,0,29,49,31.02,31.40,26.88,20.42,23.24,0.33,7.16,33.60,0,0.014556775
Tellinidae,Tellina subangulata,24.6,7.9,Species Pool,0,30,25,NA,NA,NA,NA,21.56,0.29,9.31,16.70,0,0.014802795
Tellinidae,Tellinella cumingii,22.375,-2.5,Species Pool,4,73,69,NA,31.40,NA,20.42,23.24,0.33,7.16,33.90,0,0.014556775
Tellinidae,Tellinidella purpurea,22.375,-4.1,Species Pool,0,0,72,24.20,23.20,22.10,20.42,23.38,0.33,7.16,28.30,0,0.014556775
Tellinidae,Temnoconcha cognata,22.375,-3.9,Species Pool,0,68,66,29.90,27.90,22.10,20.42,22.89,0.33,7.16,33.80,0,0.014556775
Corbulidae,Tenuicorbula tenuis,22.375,-3.7,Species Pool,0,73,25,NA,28.90,NA,20.42,22.31,0.33,7.71,32.60,0,0.014606535
Thraciidae,Thracia bereniceae,22.375,9.7,Species Pool,0,46,25,26.67,31.40,24.17,20.42,23.24,0.33,15.90,21.70,0,0.022419629
Thraciidae,Thracia squamosa,24.6,7.8,Species Pool,0,61,36,31.00,28.00,23.17,20.42,20.47,0.10,7.07,23.20,2,0.01413105
Ungulinidae,Timothynus inezensis,24.6,-1.6,Species Pool,6,100,20,31.00,30.30,26.90,20.42,21.56,0.26,6.98,32.60,0,0.041446334
Veneridae,Tivela argentina,22.375,-3.5,Species Pool,0,16,68,31.02,31.30,30.02,20.42,23.24,0.33,7.54,34.80,0,0.014606535
Veneridae,Tivela byronensis,27.8,-4.2,Species Pool,0,73,63,31.02,31.30,26.02,20.58,17.78,0.35,8.97,35.50,1,0.193463418
Veneridae,Tivela delessertii,22.375,8.5,Species Pool,0,0,41,27.05,23.30,22.10,20.42,24.18,0.23,8.40,18.55,0,0.014592081
Veneridae,Tivela lessonii,22.375,-5.1,Species Pool,0,0,70,NA,22.40,NA,20.42,19.67,0.33,7.16,27.50,0,0.014808696
Veneridae,Tivela lineata,22.9,0.5,Species Pool,0,0,31,25.80,28.00,22.10,20.42,23.95,0.21,7.07,27.50,0,0.014548649
Veneridae,Tivela planulata,24.6,-5.1,Species Pool,0,0,65,27.33,28.85,22.88,20.42,19.67,0.46,7.53,33.95,0,0.032842799
Cardiidae,Trachycardium belcheri,28.3,-3.5,Species Pool,14,200,44,27.05,28.22,23.55,20.42,18.35,0.21,8.40,31.80,0,0.113052111
Cardiidae,Trachycardium consors,22.375,-2.2,Species Pool,0,90,84,29.53,31.50,23.55,20.42,22.61,0.33,7.16,33.70,1,0.014889737
Cardiidae,Trachycardium procerum,27.8,-14.2,Extralimital,0,26,117,31.02,31.30,24.17,20.42,17.22,0.35,12.32,45.50,1,0.296326191
Veneridae,Transennella caryonautes,22.9,15.8,Species Pool,10,30,46,24.13,27.90,23.13,23.22,23.95,0.29,11.99,12.10,0,0.014664951
Veneridae,Transennella modesta,22.375,-1.3,Species Pool,0,90,35,27.32,27.95,22.10,20.42,23.23,0.31,7.16,29.25,1,0.014889737
Veneridae,Transennella vulnerata,22.9,-5.6,Species Pool,0,35,48,26.60,27.90,22.10,20.42,19.64,0.34,8.66,33.50,0,0.015333867
Cardiidae,Trigoniocardia granifera,24.1,-3.5,Species Pool,0,66,18,30.77,31.50,29.77,20.42,22.87,0.35,7.54,35.00,2,0.014579679
Glycymerididae,Tucetona multicostata,24.6,-2.2,Species Pool,8,90,46,30.07,31.40,23.55,20.42,21.56,0.41,6.98,33.60,3,0.274216173
Glycymerididae,Tucetona strigilata,22.375,-3.7,Species Pool,10,180,49,28.97,27.93,22.10,20.42,21.84,0.33,8.38,32.67,0,0.014592081
Corbulidae,Varicorbula obesa,28.3,6.7,Species Pool,14,205,13,25.50,27.95,22.10,20.42,18.35,0.27,7.07,21.60,0,0.114581126
Ungulinidae,Zemysina subquadrata,27.8,-2.1,Species Pool,0,183,37,29.80,31.40,22.88,20.42,17.78,0.05,8.97,33.50,4,0.293677185